test,size_bytes,value,unit
bandwidth,4096,8.600,GB/s
latency,4096,2.117,ns
bandwidth,8192,8.004,GB/s
latency,8192,2.169,ns
bandwidth,16384,8.801,GB/s
latency,16384,2.267,ns
bandwidth,32768,8.382,GB/s
latency,32768,2.980,ns
bandwidth,65536,8.462,GB/s
latency,65536,4.782,ns
bandwidth,131072,8.534,GB/s
latency,131072,6.708,ns
bandwidth,262144,8.739,GB/s
latency,262144,11.646,ns
bandwidth,524288,7.751,GB/s
latency,524288,21.526,ns
bandwidth,1048576,6.737,GB/s
latency,1048576,26.820,ns
bandwidth,2097152,6.623,GB/s
latency,2097152,70.742,ns
bandwidth,4194304,5.748,GB/s
latency,4194304,90.351,ns
bandwidth,8388608,5.963,GB/s
latency,8388608,108.611,ns
bandwidth,16777216,6.861,GB/s
latency,16777216,155.333,ns
bandwidth,33554432,5.500,GB/s
latency,33554432,144.896,ns
bandwidth,67108864,6.448,GB/s
latency,67108864,188.106,ns
bandwidth,134217728,6.898,GB/s
latency,134217728,268.609,ns
bandwidth,268435456,2.308,GB/s
latency,268435456,549.249,ns
